{"cameraMode":{"drawMode":0,"name":"Shaded","section":"Shading Mode"},"sceneLighting":false,"audioPlay":false,"sceneViewState":{"m_AlwaysRefresh":false,"showFog":true,"showSkybox":false,"showFlares":true,"showImageEffects":true,"showParticleSystems":true,"showVisualEffectGraphs":true,"m_FxEnabled":true},"in2DMode":false,"pivot":{"x":-0.6894741654396057,"y":-0.6089816093444824,"z":9.023009300231934},"rotation":{"x":0.24471358954906465,"y":-0.42876046895980837,"z":0.12185321748256684,"w":0.8610644340515137},"size":0.8842727541923523,"orthographic":false}