{"cameraMode":{"drawMode":0,"name":"Shaded","section":"Shading Mode"},"sceneLighting":false,"audioPlay":false,"sceneViewState":{"m_AlwaysRefresh":false,"showFog":true,"showSkybox":false,"showFlares":true,"showImageEffects":true,"showParticleSystems":true,"showVisualEffectGraphs":true,"m_FxEnabled":true},"in2DMode":false,"pivot":{"x":-0.11000001430511475,"y":-0.34200000762939455,"z":9.180000305175782},"rotation":{"x":0.2657748758792877,"y":-0.14963950216770173,"z":0.041800498962402347,"w":0.9514330625534058},"size":0.8660253882408142,"orthographic":false}