{"cameraMode":{"drawMode":0,"name":"Shaded","section":"Shading Mode"},"sceneLighting":false,"audioPlay":false,"sceneViewState":{"m_AlwaysRefresh":false,"showFog":true,"showSkybox":false,"showFlares":true,"showImageEffects":true,"showParticleSystems":true,"showVisualEffectGraphs":true,"m_FxEnabled":true},"in2DMode":false,"pivot":{"x":1.1716245412826539,"y":-2.8802905082702638,"z":47.140960693359378},"rotation":{"x":0.008040327578783036,"y":0.7698493003845215,"z":-0.009698176756501198,"w":0.6381023526191711},"size":3.101275682449341,"orthographic":true}