{"cameraMode":{"drawMode":0,"name":"Shaded","section":"Shading Mode"},"sceneLighting":true,"audioPlay":false,"sceneViewState":{"m_AlwaysRefresh":false,"showFog":true,"showSkybox":true,"showFlares":true,"showImageEffects":true,"showParticleSystems":true,"showVisualEffectGraphs":true,"m_FxEnabled":true},"in2DMode":false,"pivot":{"x":-1.399909496307373,"y":-0.8779430389404297,"z":33.367828369140628},"rotation":{"x":0.06374534964561463,"y":-0.058347396552562717,"z":0.0037335313390940429,"w":0.9962524175643921},"size":21.328516006469728,"orthographic":false}