{"cameraMode":{"drawMode":0,"name":"Shaded","section":"Shading Mode"},"sceneLighting":true,"audioPlay":false,"sceneViewState":{"m_AlwaysRefresh":false,"showFog":true,"showSkybox":false,"showFlares":true,"showImageEffects":true,"showParticleSystems":true,"showVisualEffectGraphs":true,"m_FxEnabled":true},"in2DMode":false,"pivot":{"x":-0.06641042232513428,"y":-0.022999614477157594,"z":1.1908676624298096},"rotation":{"x":-0.11738962680101395,"y":0.8521386384963989,"z":-0.21667927503585816,"w":-0.46166035532951357},"size":0.7433607578277588,"orthographic":false}